{"MESH_test_lookieposition":[-0.23,-0.92,-0.95],"Background/Background/uColor1":[0.3114186851211072,0.11461937716262977,0.041522491349480994],"MESH_ParticlesPositionposition":[-0.91,0.54,-22.17],"MESH_shadowplanescale":[10,10,10],"MESH_shadowplanerotation":[-90,0,0],"MESH_shadowplaneposition":[0,-1.79,0],"MESH_shadowknotscale":[0.1,0.1,0.1],"MESH_shadowknotposition":[0,1.11,0],"LIGHT_shadowlightposition":[-4.25,7.25,0],"MESH_shadowicosaposition":[0,1.91,0],"MESH_shadowicosascale":[2,2,2],"am_FloatingParticlesFlowuFlowSpeed":0.17,"MESH_hotspot_testposition":[0,13,0],"BackgroundOpen/BackgroundOpen/uColor":[0.07151095732410617,0.10058401354110716,0.5363321799307958],"BackgroundMars/BackgroundMars/uColor":[0.2479815455594002,0.08651522979914074,0.04613610149942329],"INPUT_hotspot_0_attach":"headface_chassis","INPUT_hotspot_0_position":"{\"x\":0.013373949204112279,\"y\":0.00010452973673835686,\"z\":0.06747090920100618}","INPUT_hotspot_0_key":"face","hotspotUIL_config":6,"MESH_hotspot_0_offsetposition":[0.77,0.09,-0.44],"OpenRover/OpenRover/uColor":[0.026919314743714874,0.010380622837370235,0.34256055363321797],"OpenRoverWheels/OpenRoverWheels/uColor":[0.007304882737408702,0.017317169566304427,0.36524413687043444],"OpenRoverScreen/OpenRoverScreen/uBackground":[0.10611303344867357,0.13481994104831468,0.3644752018454441],"INPUT_hotspot_1_attach":"rockerrocker_-1","INPUT_hotspot_1_position":"{\"x\":0.07711678318183601,\"y\":1.0582066311082632,\"z\":1.6794312367668027}","INPUT_hotspot_1_key":"steering","INPUT_hotspot_2_attach":"center-wheelrocker_1","INPUT_hotspot_2_position":"{\"x\":0,\"y\":0,\"z\":0}","INPUT_hotspot_2_key":"wheels","INPUT_hotspot_3_attach":"pivot_chassis","INPUT_hotspot_3_position":"{\"x\":0.0030516523941130904,\"y\":0.1179587204531902,\"z\":-0.035106950520187745}","INPUT_hotspot_3_key":"pivot","INPUT_hotspot_4_attach":"rockerrocker_-1","INPUT_hotspot_4_position":"{\"x\":0.2070000022649729,\"y\":0.6179558835772408,\"z\":0.5501927257350444}","INPUT_hotspot_4_key":"rockerBogie","INPUT_hotspot_5_attach":"chassis_chassis","INPUT_hotspot_5_position":"{\"x\":-0.2950064005512587,\"y\":0.0013096953746671858,\"z\":-1.0561415682294744}","INPUT_hotspot_5_key":"chassis","MESH_hotspot_1_offsetposition":[0.13,1.29,1.87],"MESH_hotspot_2_offsetposition":[0.45,0,0],"MESH_hotspot_3_offsetposition":[1.41,0.39,-0.035106950520187745],"MESH_hotspot_4_offsetposition":[0.48,0.8,0.33],"MESH_hotspot_5_offsetposition":[-0.22,0.61,-1.32],"BlendScenesuRGBStrength":0.64,"BlendScenesuSilhouette":0.8}